--
-- Script was generated by Devart dbForge Studio for MySQL, Version 6.2.280.0
-- Product home page: http://www.devart.com/dbforge/mysql/studio
-- Script date 12/2/2014 12:23:27 AM
-- Server version: 5.6.16
-- Client version: 4.1
--


-- 
-- Disable foreign keys
-- 
/*!40014 SET @OLD_FOREIGN_KEY_CHECKS=@@FOREIGN_KEY_CHECKS, FOREIGN_KEY_CHECKS=0 */;

-- 
-- Set SQL mode
-- 
/*!40101 SET @OLD_SQL_MODE=@@SQL_MODE, SQL_MODE='NO_AUTO_VALUE_ON_ZERO' */;

CREATE DATABASE  IF NOT EXISTS `investhunt` /*!40100 DEFAULT CHARACTER SET utf8 */;
-- 
-- Set default database
--
USE investhunt;

--
-- Definition for table categories
--
DROP TABLE IF EXISTS categories;
CREATE TABLE categories (
  category_type SMALLINT(6) NOT NULL AUTO_INCREMENT,
  name VARCHAR(255) NOT NULL,
  description VARCHAR(255) DEFAULT NULL,
  parent_category SMALLINT(6) NOT NULL,
  PRIMARY KEY (category_type)
)
ENGINE = INNODB
AUTO_INCREMENT = 4
AVG_ROW_LENGTH = 5461
CHARACTER SET utf8
COLLATE utf8_general_ci;

--
-- Definition for table entity_types
--
DROP TABLE IF EXISTS entity_types;
CREATE TABLE entity_types (
  type_id TINYINT(4) NOT NULL AUTO_INCREMENT,
  name VARCHAR(255) NOT NULL,
  description VARCHAR(255) DEFAULT NULL,
  PRIMARY KEY (type_id)
)
ENGINE = INNODB
AUTO_INCREMENT = 2
AVG_ROW_LENGTH = 16384
CHARACTER SET utf8
COLLATE utf8_general_ci;

--
-- Definition for table rate_types
--
DROP TABLE IF EXISTS rate_types;
CREATE TABLE rate_types (
  type_id TINYINT(4) NOT NULL AUTO_INCREMENT,
  name VARCHAR(50) NOT NULL,
  description VARCHAR(255) DEFAULT NULL,
  PRIMARY KEY (type_id)
)
ENGINE = INNODB
AUTO_INCREMENT = 4
AVG_ROW_LENGTH = 5461
CHARACTER SET utf8
COLLATE utf8_general_ci;

--
-- Definition for table referrals
--
DROP TABLE IF EXISTS referrals;
CREATE TABLE referrals (
  reference_id INT(11) NOT NULL AUTO_INCREMENT,
  date_referred DATE NOT NULL,
  referred_name VARCHAR(255) NOT NULL,
  referred_mobile VARCHAR(11) NOT NULL,
  referred_email VARCHAR(255) NOT NULL,
  category_type VARCHAR(150) NOT NULL,
  referrer VARCHAR(255) NOT NULL,
  referrer_mobile VARCHAR(11) NOT NULL,
  referrer_email VARCHAR(255) DEFAULT NULL,
  PRIMARY KEY (reference_id)
)
ENGINE = INNODB
AUTO_INCREMENT = 1
CHARACTER SET utf8
COLLATE utf8_general_ci;

--
-- Definition for table user_types
--
DROP TABLE IF EXISTS user_types;
CREATE TABLE user_types (
  type INT(11) NOT NULL AUTO_INCREMENT,
  name VARCHAR(255) NOT NULL,
  description VARCHAR(255) DEFAULT NULL,
  PRIMARY KEY (type)
)
ENGINE = INNODB
AUTO_INCREMENT = 1
CHARACTER SET utf8
COLLATE utf8_general_ci;

--
-- Definition for table entities
--
DROP TABLE IF EXISTS entities;
CREATE TABLE entities (
  entity_id INT(11) NOT NULL AUTO_INCREMENT,
  name VARCHAR(255) NOT NULL,
  entity_type_id TINYINT(4) NOT NULL,
  logo BLOB DEFAULT NULL,
  status VARCHAR(10) NOT NULL,
  is_partner ENUM('0','1') NOT NULL,
  date_created DATE NOT NULL,
  date_modified DATE DEFAULT NULL,
  modified_by INT(11) DEFAULT NULL,
  PRIMARY KEY (entity_id),
  CONSTRAINT FK_entities_entity_types_type_id FOREIGN KEY (entity_type_id)
    REFERENCES entity_types(type_id) ON DELETE RESTRICT ON UPDATE RESTRICT
)
ENGINE = INNODB
AUTO_INCREMENT = 5
AVG_ROW_LENGTH = 4096
CHARACTER SET utf8
COLLATE utf8_general_ci;

--
-- Definition for table prospect_loans
--
DROP TABLE IF EXISTS prospect_loans;
CREATE TABLE prospect_loans (
  prospect_id INT(11) NOT NULL AUTO_INCREMENT,
  email_address VARCHAR(255) NOT NULL,
  name VARCHAR(255) NOT NULL,
  mobile VARCHAR(11) NOT NULL,
  landline VARCHAR(25) DEFAULT NULL,
  dob DATE DEFAULT NULL,
  employment_type ENUM('SALARIED','SELF EMPLOYED','STUDENT') NOT NULL,
  company VARCHAR(255) DEFAULT NULL,
  work_location VARCHAR(255) DEFAULT NULL,
  employed_since_month INT(11) DEFAULT NULL,
  employed_since_year INT(11) DEFAULT NULL,
  monthly_income DOUBLE NOT NULL,
  commitments DOUBLE NOT NULL,
  category_type SMALLINT(6) NOT NULL,
  expected_sum DOUBLE DEFAULT NULL,
  eligible_sum DOUBLE NOT NULL,
  has_co_applicant ENUM('Y','N') NOT NULL,
  is_on_mailing_list ENUM('Y','N') NOT NULL,
  date_created DATE NOT NULL,
  PRIMARY KEY (prospect_id),
  CONSTRAINT FK_prospect_loans_categories_category_type FOREIGN KEY (category_type)
    REFERENCES categories(category_type) ON DELETE RESTRICT ON UPDATE RESTRICT
)
ENGINE = INNODB
AUTO_INCREMENT = 1
CHARACTER SET utf8
COLLATE utf8_general_ci;

--
-- Definition for table users
--
DROP TABLE IF EXISTS users;
CREATE TABLE users (
  user_id INT(11) NOT NULL AUTO_INCREMENT,
  type INT(11) NOT NULL,
  name VARCHAR(250) NOT NULL,
  dob DATE DEFAULT NULL,
  email_address VARCHAR(250) NOT NULL,
  mobile VARCHAR(11) DEFAULT NULL,
  landline VARCHAR(25) DEFAULT NULL,
  is_on_mailing_list ENUM('Y','N') NOT NULL,
  login VARCHAR(255) NOT NULL,
  password VARCHAR(255) NOT NULL,
  status VARCHAR(10) DEFAULT NULL,
  last_login DATE DEFAULT NULL,
  date_created DATE NOT NULL,
  date_modified DATE DEFAULT NULL,
  modified_by INT(11) DEFAULT NULL,
  PRIMARY KEY (user_id),
  CONSTRAINT FK_users_user_types_type FOREIGN KEY (type)
    REFERENCES user_types(type) ON DELETE RESTRICT ON UPDATE RESTRICT
)
ENGINE = INNODB
AUTO_INCREMENT = 1
CHARACTER SET utf8
COLLATE utf8_general_ci;

--
-- Definition for table lead_processing_details
--
DROP TABLE IF EXISTS lead_processing_details;
CREATE TABLE lead_processing_details (
  prospect_id INT(11) NOT NULL,
  entity_id INT(11) NOT NULL,
  status VARCHAR(50) NOT NULL,
  comments VARCHAR(255) DEFAULT NULL,
  date_created DATE NOT NULL,
  date_modified DATE DEFAULT NULL,
  modified_by INT(11) DEFAULT NULL,
  PRIMARY KEY (prospect_id, entity_id, status),
  CONSTRAINT FK_lead_processing_details_entities_entity_id FOREIGN KEY (entity_id)
    REFERENCES entities(entity_id) ON DELETE RESTRICT ON UPDATE RESTRICT,
  CONSTRAINT FK_lead_processing_details_prospect_loans_prospect_id FOREIGN KEY (prospect_id)
    REFERENCES prospect_loans(prospect_id) ON DELETE RESTRICT ON UPDATE RESTRICT
)
ENGINE = INNODB
CHARACTER SET utf8
COLLATE utf8_general_ci;

--
-- Definition for table products
--
DROP TABLE IF EXISTS products;
CREATE TABLE products (
  product_id VARCHAR(150) NOT NULL,
  name VARCHAR(255) NOT NULL,
  category_type SMALLINT(6) NOT NULL,
  entity_id INT(11) NOT NULL,
  rate_type_id TINYINT(4) NOT NULL,
  min_tenure DOUBLE NOT NULL DEFAULT 0,
  max_tenure DOUBLE NOT NULL,
  status VARCHAR(50) NOT NULL,
  is_tied_up ENUM('0','1') NOT NULL,
  date_created DATE NOT NULL,
  date_modified DATE DEFAULT NULL,
  modified_by INT(11) DEFAULT NULL,
  PRIMARY KEY (product_id),
  CONSTRAINT FK_products_categories_category_type FOREIGN KEY (category_type)
    REFERENCES categories(category_type) ON DELETE RESTRICT ON UPDATE RESTRICT,
  CONSTRAINT FK_products_entities_entity_id FOREIGN KEY (entity_id)
    REFERENCES entities(entity_id) ON DELETE RESTRICT ON UPDATE RESTRICT,
  CONSTRAINT FK_products_rate_types_type_id FOREIGN KEY (rate_type_id)
    REFERENCES rate_types(type_id) ON DELETE RESTRICT ON UPDATE RESTRICT
)
ENGINE = INNODB
AVG_ROW_LENGTH = 2730
CHARACTER SET utf8
COLLATE utf8_general_ci;

--
-- Definition for table prospect_co_applicants
--
DROP TABLE IF EXISTS prospect_co_applicants;
CREATE TABLE prospect_co_applicants (
  co_applicant_id INT(11) NOT NULL AUTO_INCREMENT,
  prospect_id INT(11) NOT NULL,
  name VARCHAR(255) NOT NULL,
  dob DATE NOT NULL,
  mobile VARCHAR(11) NOT NULL,
  email VARCHAR(250) NOT NULL,
  occupation VARCHAR(255) NOT NULL,
  employed_since_month INT(11) NOT NULL,
  employed_since_year INT(11) NOT NULL,
  monthly_income DOUBLE NOT NULL,
  commitments DOUBLE NOT NULL,
  relation_with_prospect VARCHAR(25) NOT NULL,
  PRIMARY KEY (co_applicant_id),
  CONSTRAINT FK_prospect_co_applicants_prospect_loans_prospect_id FOREIGN KEY (prospect_id)
    REFERENCES prospect_loans(prospect_id) ON DELETE RESTRICT ON UPDATE RESTRICT
)
ENGINE = INNODB
AUTO_INCREMENT = 1
CHARACTER SET utf8
COLLATE utf8_general_ci;

--
-- Definition for table foir_data
--
DROP TABLE IF EXISTS foir_data;
CREATE TABLE foir_data (
  foir_id INT(11) NOT NULL AUTO_INCREMENT,
  product_id VARCHAR(150) NOT NULL,
  income_lower_limit DECIMAL(19, 2) NOT NULL,
  income_upper_limit DECIMAL(19, 2) NOT NULL,
  foir_eligibility_percentage DECIMAL(4, 2) NOT NULL,
  status ENUM('0','1') NOT NULL,
  date_created DATE NOT NULL,
  date_modified DATE NOT NULL,
  modified_by INT(11) DEFAULT NULL,
  PRIMARY KEY (foir_id),
  CONSTRAINT FK_foir_data_products_product_id FOREIGN KEY (product_id)
    REFERENCES products(product_id) ON DELETE RESTRICT ON UPDATE RESTRICT
)
ENGINE = INNODB
AUTO_INCREMENT = 29
AVG_ROW_LENGTH = 682
CHARACTER SET utf8
COLLATE utf8_general_ci;

--
-- Definition for table leads
--
DROP TABLE IF EXISTS leads;
CREATE TABLE leads (
  prospect_id INT(11) NOT NULL AUTO_INCREMENT,
  amount DECIMAL(19, 2) NOT NULL,
  tenure INT(11) NOT NULL,
  product_id VARCHAR(150) NOT NULL,
  status VARCHAR(50) NOT NULL,
  date_created DATE NOT NULL,
  PRIMARY KEY (prospect_id),
  CONSTRAINT FK_leads_products_product_id FOREIGN KEY (product_id)
    REFERENCES products(product_id) ON DELETE RESTRICT ON UPDATE RESTRICT,
  CONSTRAINT FK_leads_prospect_loans_prospect_id FOREIGN KEY (prospect_id)
    REFERENCES prospect_loans(prospect_id) ON DELETE RESTRICT ON UPDATE RESTRICT
)
ENGINE = INNODB
AUTO_INCREMENT = 1
CHARACTER SET utf8
COLLATE utf8_general_ci;

--
-- Definition for table product_interest_rates
--
DROP TABLE IF EXISTS product_interest_rates;
CREATE TABLE product_interest_rates (
  interest_id INT(11) NOT NULL AUTO_INCREMENT,
  product_id VARCHAR(150) NOT NULL,
  min_amount DECIMAL(19, 2) NOT NULL,
  max_amount DECIMAL(19, 2) NOT NULL,
  rate_of_interest DECIMAL(4, 2) NOT NULL,
  start_date DATE NOT NULL,
  end_date DATE NOT NULL,
  status VARCHAR(10) NOT NULL,
  date_created DATE NOT NULL,
  date_modified DATE NOT NULL,
  modifed_by INT(11) DEFAULT NULL,
  PRIMARY KEY (interest_id),
  CONSTRAINT FK_product_interest_rates_products_product_id FOREIGN KEY (product_id)
    REFERENCES products(product_id) ON DELETE RESTRICT ON UPDATE RESTRICT
)
ENGINE = INNODB
AUTO_INCREMENT = 19
AVG_ROW_LENGTH = 1170
CHARACTER SET utf8
COLLATE utf8_general_ci;

--
-- Definition for table subscriptions
--
DROP TABLE IF EXISTS subscriptions;
CREATE TABLE `subscriptions` (
  `id` tinyint(4) NOT NULL AUTO_INCREMENT,
  `name` varchar(150) DEFAULT NULL,
  `email` varchar(45) NOT NULL,
  `subscription_type` enum('WEEKLY','MONTHLY','QUARTERLY','YEARLY') DEFAULT NULL,
  `mobile` varchar(11) DEFAULT NULL,
  PRIMARY KEY (`id`)
) ENGINE=InnoDB AUTO_INCREMENT=4 DEFAULT CHARSET=utf8;

--
DROP TABLE IF EXISTS afp;
CREATE TABLE `afp` (
  `id` tinyint(4) NOT NULL AUTO_INCREMENT,
  `name` varchar(150) NOT NULL,
  `email` varchar(45) DEFAULT NULL,
  `qns` varchar(350) NOT NULL,
  `mobile` varchar(11) NOT NULL,
  PRIMARY KEY (`id`)
) ENGINE=InnoDB AUTO_INCREMENT=4 DEFAULT CHARSET=utf8;


DELIMITER $$

--
-- Definition for procedure calcEmiEligibility
--
DROP PROCEDURE IF EXISTS calcEmiEligibility$$
CREATE DEFINER = 'root'@'localhost'
PROCEDURE calcEmiEligibility(IN income DOUBLE, IN commitments DOUBLE, IN cat_type VARCHAR(50), OUT product VARCHAR(255), OUT min_rate_of_interest DOUBLE, OUT emi_eligibility DOUBLE)
BEGIN

 DECLARE catType int default 0;
  DECLARE hasTieups int default 0;
  DECLARE min_roi double default 0.0;
  DECLARE prod_id varchar(255) default null;
  DECLARE emi_percent double default 0.0;

  -- get the category type
  IF cat_type = 'PERSONAL_LOAN' THEN
    SET catType = 3;
  ELSEIF cat_type = 'HOME_LOAN' THEN
    SET catType = 2;
   ELSEIF cat_type = 'LAP_LOAN' THEN
    SET catType = 4;
  END IF;

  -- SELECT catType;

  -- check for products with tieups 
  SELECT COUNT(*) into hasTieups FROM products WHERE category_type = catType AND is_tied_up = '1';

  IF hasTieups > 0 THEN
      -- pull the product with least rate_of_interest
      SELECT MIN(ir.rate_of_interest), ir.product_id INTO min_roi, prod_id 
        FROM product_interest_rates ir
        WHERE ir.product_id IN (SELECT p.product_id
                              FROM products p
                              WHERE p.status = 'Active'
                              AND p.category_type = catType AND p.is_tied_up = '1'
                              AND p.max_tenure = (SELECT
                                                      max(p1.max_tenure)
                                                    FROM products p1
                                                    WHERE p1.status = 'Active'
                                                    AND p1.category_type = catType
                                                    AND p1.is_tied_up = '1'));   
  ELSE 
        
      -- pull the product with least rate_of_interest
      SELECT MIN(ir.rate_of_interest), ir.product_id INTO min_roi, prod_id 
        FROM product_interest_rates ir
        WHERE ir.product_id IN (SELECT p.product_id
                              FROM products p
                              WHERE p.status = 'Active'
                              AND p.category_type = catType 
                              AND p.max_tenure = (SELECT
                                                      max(p1.max_tenure)
                                                    FROM products p1
                                                    WHERE p1.status = 'Active'
                                                    AND p1.category_type = catType));   
  END IF;

  -- SELECT min_roi,prod_id;

	-- get the foir data for the product above
  IF min_roi > 0.0 and prod_id is NOT NULL THEN
    SELECT f.foir_eligibility_percentage/100 INTO emi_percent
      FROM foir_data f
      WHERE status = '1' 
        AND f.product_id = prod_id 
        AND f.income_lower_limit <= income 
        AND f.income_upper_limit >= income; 
  END IF;

  -- set the out variables
  SET emi_eligibility = (income*emi_percent) - commitments;
  SET product = prod_id;
  SET min_rate_of_interest = min_roi;
END
$$

DELIMITER ;

-- 
-- Dumping data for table categories
--
INSERT INTO categories VALUES
(1, 'Loans', 'Loans', 0),
(2, 'HomeLoan', 'Home Loans', 1),
(3, 'PersonalLoan', 'Personal Loans', 1),
(4, 'LoanAgainstProperty', 'Loan Against Property', 1); 

-- 
-- Dumping data for table entity_types
--
INSERT INTO entity_types VALUES
(1, 'Bank', 'Banks');

-- 
-- Dumping data for table rate_types
--
INSERT INTO rate_types VALUES
(1, 'Floating', 'Floating Interest Type'),
(2, 'Fixed', 'Fixed Interest Rate'),
(3, 'Floating And Floating', 'Floating and Fixed Interest Rate');

-- 
-- Dumping data for table referrals
--

-- Table investhunt.referrals does not contain any data (it is empty)

-- 
-- Dumping data for table user_types
--

-- Table investhunt.user_types does not contain any data (it is empty)

-- 
-- Dumping data for table entities
--
INSERT INTO entities VALUES
(1, 'HDFC', 1, NULL, 'Active', '1', '2014-11-28', '2014-11-28', NULL),
(2, 'ICICI', 1, NULL, 'Active', '0', '2014-11-28', '2014-11-28', NULL),
(3, 'SBI', 1, NULL, 'Active', '0', '2014-11-28', '2014-11-28', NULL),
(4, 'CITIBANK', 1, NULL, 'Active', '1', '2014-11-28', '2014-11-28', NULL);

-- 
-- Dumping data for table prospect_loans
--

-- Table investhunt.prospect_loans does not contain any data (it is empty)

-- 
-- Dumping data for table users
--

-- Table investhunt.users does not contain any data (it is empty)

-- 
-- Dumping data for table lead_processing_details
--

-- Table investhunt.lead_processing_details does not contain any data (it is empty)

-- 
-- Dumping data for table products
--
INSERT INTO products VALUES
('CITI_H_FL_2_06', 'CITIBANK Home Floating', 2, 4, 1, 0, 20, 'Active', '0', '2014-11-28', '2014-11-28', NULL),
('HDFC_H_FL_2_04', 'HDFC Home Floating', 2, 1, 1, 0, 20, 'Active', '1', '2014-11-28', '2014-11-28', NULL),
('HDFC_P_FL_3_01', 'HDFC Personal Floating', 3, 1, 1, 0, 5, 'Active', '0', '2014-11-28', '2014-11-28', NULL),
('HDFC_P_FX_3_02', 'HDFC Personal Fixed', 3, 1, 2, 0, 5, 'Active', '0', '2014-11-28', '2014-11-28', NULL),
('ICICI_P_FL_3_03', 'ICICI Personal Floating', 3, 2, 1, 0, 5, 'Active', '0', '2014-11-28', '2014-11-28', NULL),
('SBI_H_FL_2_05', 'SBI Home Floating', 2, 3, 1, 0, 25, 'Active', '1', '2014-11-28', '2014-11-28', NULL),
('CITI_LAP_FL_4_01', 'CITIBANK LAP Floating', 4, 4, 1, 0, 20, 'Active', '0', '2015-01-09', '2015-01-09', NULL),
('HDFC_LAP_FL_4_02', 'HDFC LAP Floating', 4, 1, 1, 0, 20, 'Active', '0', '2015-01-09', '2015-01-09', NULL),
('ICICI_LAP_FL_4_03', 'ICICI LAP Floating', 4, 2, 1, 0, 10, 'Active', '0', '2015-01-09', '2015-01-09', NULL),
('SBI_LAP_FL_4_04', 'SBI LAP Floating', 4, 3, 1, 0, 5, 'Active', '0', '2015-01-09', '2015-01-09', NULL),
('HDFC_LAP_FX_4_01', 'HDFC LAP Fixed', 4, 1, 2, 0, 25, 'Active', '0', '2015-01-09', '2015-01-09', NULL);


-- 
-- Dumping data for table prospect_co_applicants
--

-- Table investhunt.prospect_co_applicants does not contain any data (it is empty)

-- 
-- Dumping data for table foir_data
--
INSERT INTO foir_data VALUES
(5, 'HDFC_P_FL_3_01', 20000.00, 40000.00, 45.00, '1', '2014-10-01', '2014-10-01', NULL),
(6, 'HDFC_P_FL_3_01', 40001.00, 80000.00, 50.00, '1', '2014-10-01', '2014-10-01', NULL),
(7, 'HDFC_P_FL_3_01', 80001.00, 100000.00, 55.00, '1', '2014-10-01', '2014-10-01', NULL),
(8, 'HDFC_P_FL_3_01', 100001.00, 10000000.00, 60.00, '1', '2014-10-01', '2014-10-01', NULL),
(9, 'HDFC_P_FX_3_02', 20000.00, 40000.00, 45.00, '1', '2014-10-01', '2014-10-01', NULL),
(10, 'HDFC_P_FX_3_02', 40001.00, 80000.00, 50.00, '1', '2014-10-01', '2014-10-01', NULL),
(11, 'HDFC_P_FX_3_02', 80001.00, 100000.00, 55.00, '1', '2014-10-01', '2014-10-01', NULL),
(12, 'HDFC_P_FX_3_02', 100001.00, 10000000.00, 60.00, '1', '2014-10-01', '2014-10-01', NULL),
(13, 'ICICI_P_FL_3_03', 20000.00, 40000.00, 45.00, '1', '2014-10-01', '2014-10-01', NULL),
(14, 'ICICI_P_FL_3_03', 40001.00, 80000.00, 50.00, '1', '2014-10-01', '2014-10-01', NULL),
(15, 'ICICI_P_FL_3_03', 80001.00, 100000.00, 55.00, '1', '2014-10-01', '2014-10-01', NULL),
(16, 'ICICI_P_FL_3_03', 100001.00, 10000000.00, 60.00, '1', '2014-10-01', '2014-10-01', NULL),
(17, 'HDFC_H_FL_2_04', 20000.00, 40000.00, 45.00, '1', '2014-10-01', '2014-10-01', NULL),
(18, 'HDFC_H_FL_2_04', 40001.00, 80000.00, 50.00, '1', '2014-10-01', '2014-10-01', NULL),
(19, 'HDFC_H_FL_2_04', 80001.00, 100000.00, 55.00, '1', '2014-10-01', '2014-10-01', NULL),
(20, 'HDFC_H_FL_2_04', 100001.00, 10000000.00, 60.00, '1', '2014-10-01', '2014-10-01', NULL),
(21, 'SBI_H_FL_2_05', 20000.00, 40000.00, 45.00, '1', '2014-10-01', '2014-10-01', NULL),
(22, 'SBI_H_FL_2_05', 40001.00, 80000.00, 50.00, '1', '2014-10-01', '2014-10-01', NULL),
(23, 'SBI_H_FL_2_05', 80001.00, 100000.00, 55.00, '1', '2014-10-01', '2014-10-01', NULL),
(24, 'SBI_H_FL_2_05', 100001.00, 10000000.00, 60.00, '1', '2014-10-01', '2014-10-01', NULL),
(25, 'CITI_H_FL_2_06', 20000.00, 40000.00, 45.00, '1', '2014-10-01', '2014-10-01', NULL),
(26, 'CITI_H_FL_2_06', 40001.00, 80000.00, 50.00, '1', '2014-10-01', '2014-10-01', NULL),
(27, 'CITI_H_FL_2_06', 80001.00, 100000.00, 55.00, '1', '2014-10-01', '2014-10-01', NULL),
(28, 'CITI_H_FL_2_06', 100001.00, 10000000.00, 60.00, '1', '2014-10-01', '2014-10-01', NULL),
(29, 'CITI_LAP_FL_4_01', 20000.00, 40000.00, 45.00, '1', '2015-01-09', '2015-01-09', NULL),
(30, 'CITI_LAP_FL_4_01', 40001.00, 80000.00, 50.00, '1', '2015-01-09', '2015-01-09', NULL),
(31, 'CITI_LAP_FL_4_01', 80001.00, 100000.00, 55.00, '1', '2015-01-09', '2015-01-09', NULL),
(32, 'CITI_LAP_FL_4_01', 100001.00, 10000000.00, 60.00, '1', '2015-01-09', '2015-01-09', NULL),
(33, 'HDFC_LAP_FL_4_02', 20000.00, 40000.00, 45.00, '1', '2015-01-09', '2015-01-09', NULL),
(34, 'HDFC_LAP_FL_4_02', 40001.00, 80000.00, 50.00, '1', '2015-01-09', '2015-01-09', NULL),
(35, 'HDFC_LAP_FL_4_02', 80001.00, 100000.00, 55.00, '1', '2015-01-09', '2015-01-09', NULL),
(36, 'HDFC_LAP_FL_4_02', 100001.00, 10000000.00, 60.00, '1', '2015-01-09', '2015-01-09', NULL),
(37, 'ICICI_LAP_FL_4_03', 20000.00, 40000.00, 45.00, '1', '2015-01-09', '2015-01-09', NULL),
(38, 'ICICI_LAP_FL_4_03', 40001.00, 80000.00, 50.00, '1', '2015-01-09', '2015-01-09', NULL),
(39, 'ICICI_LAP_FL_4_03', 80001.00, 100000.00, 55.00, '1', '2015-01-09', '2015-01-09', NULL),
(40, 'ICICI_LAP_FL_4_03', 100001.00, 10000000.00, 60.00, '1', '2015-01-09', '2015-01-09', NULL),
(42, 'SBI_LAP_FL_4_04', 20000.00, 40000.00, 45.00, '1', '2015-01-09', '2015-01-09', NULL),
(41, 'SBI_LAP_FL_4_04', 40001.00, 80000.00, 50.00, '1', '2015-01-09', '2015-01-09', NULL),
(43, 'SBI_LAP_FL_4_04', 80001.00, 100000.00, 55.00, '1', '2015-01-09', '2015-01-09', NULL),
(44, 'SBI_LAP_FL_4_04', 100001.00, 10000000.00, 60.00, '1', '2015-01-09', '2015-01-09', NULL),
(45, 'HDFC_LAP_FX_4_01', 20000.00, 40000.00, 45.00, '1', '2015-01-09', '2015-01-09', NULL),
(46, 'HDFC_LAP_FX_4_01', 40001.00, 80000.00, 50.00, '1', '2015-01-09', '2015-01-09', NULL),
(47, 'HDFC_LAP_FX_4_01', 80001.00, 100000.00, 55.00, '1', '2015-01-09', '2015-01-09', NULL),
(48, 'HDFC_LAP_FX_4_01', 100001.00, 10000000.00, 60.00, '1', '2015-01-09', '2015-01-09', NULL);


-- 
-- Dumping data for table leads
--

-- Table investhunt.leads does not contain any data (it is empty)

-- 
-- Dumping data for table product_interest_rates
--
INSERT INTO product_interest_rates VALUES
(1, 'HDFC_P_FL_3_01', 0.00, 500000.00, 16.00, '2014-10-01', '2014-12-31', 'Active', '2014-10-01', '2014-10-01', NULL),
(5, 'HDFC_P_FL_3_01', 500001.00, 1000000.00, 17.00, '2014-10-01', '2015-01-31', 'Active', '2014-10-01', '2014-10-01', NULL),
(6, 'HDFC_P_FX_3_02', 0.00, 500000.00, 15.25, '2014-10-01', '2015-01-31', 'Active', '2014-10-01', '2014-10-01', NULL),
(7, 'HDFC_P_FX_3_02', 500001.00, 1200000.00, 15.75, '2014-10-01', '2015-01-31', 'Active', '2014-10-01', '2014-10-01', NULL),
(8, 'ICICI_P_FL_3_03', 0.00, 1200000.00, 16.50, '2014-10-01', '2015-01-31', 'Active', '2014-10-01', '2014-10-01', NULL),
(9, 'HDFC_H_FL_2_04', 0.00, 2500000.00, 10.25, '2014-10-01', '2015-01-31', 'Active', '2014-10-01', '2014-10-01', NULL),
(10, 'HDFC_H_FL_2_04', 2500001.00, 7500000.00, 10.50, '2014-10-01', '2015-01-31', 'Active', '2014-10-01', '2014-10-01', NULL),
(11, 'HDFC_H_FL_2_04', 7500001.00, 100000000.00, 11.00, '2014-10-01', '2015-01-31', 'Active', '2014-10-01', '2014-10-01', NULL),
(13, 'SBI_H_FL_2_05', 0.00, 2500000.00, 10.50, '2014-10-01', '2015-01-31', 'Active', '2014-10-01', '2014-10-01', NULL),
(14, 'SBI_H_FL_2_05', 2500001.00, 7500000.00, 11.00, '2014-10-01', '2015-01-31', 'Active', '2014-10-01', '2014-10-01', NULL),
(15, 'SBI_H_FL_2_05', 7500001.00, 100000000.00, 11.50, '2014-10-01', '2015-01-31', 'Active', '2014-10-01', '2014-10-01', NULL),
(16, 'CITI_H_FL_2_06', 0.00, 2500000.00, 10.00, '2014-10-01', '2015-01-31', 'Active', '2014-10-01', '2014-10-01', NULL),
(17, 'CITI_H_FL_2_06', 2500001.00, 7500000.00, 10.25, '2014-10-01', '2015-01-31', 'Active', '2014-10-01', '2014-10-01', NULL),
(18, 'CITI_H_FL_2_06', 7500001.00, 100000000.00, 10.75, '2014-10-01', '2015-01-31', 'Active', '2014-10-01', '2014-10-01', NULL),
(19, 'CITI_LAP_FL_4_01', 0.00, 2500000.00, 10.25, '2015-01-09', '2015-01-09', 'Active', '2015-01-09', '2015-01-09', NULL),
(20, 'CITI_LAP_FL_4_01', 2500001.00, 7500000.00, 10.50, '2015-01-09', '2015-01-09', 'Active', '2015-01-09', '2015-01-09', NULL),
(21, 'CITI_LAP_FL_4_01', 7500001.00, 100000000.00, 11.00, '2015-01-09', '2015-01-09', 'Active', '2015-01-09', '2015-01-09', NULL),
(22, 'HDFC_LAP_FL_4_02', 0.00, 500000.00, 16.00, '2015-01-09', '2015-01-09', 'Active', '2015-01-09', '2015-01-09', NULL),
(23, 'HDFC_LAP_FL_4_02', 500001.00, 1000000.00, 17.00, '2015-01-09', '2015-01-09', 'Active', '2015-01-09', '2015-01-09', NULL),
(24, 'HDFC_LAP_FX_4_01', 0.00, 500000.00, 15.25, '2015-01-09', '2015-01-09', 'Active', '2015-01-09', '2015-01-09', NULL),
(25, 'HDFC_LAP_FX_4_01', 500001.00, 1000000.00, 15.75, '2015-01-09', '2015-01-09', 'Active', '2015-01-09', '2015-01-09', NULL),
(26, 'ICICI_LAP_FL_4_03', 0.00, 2500000.00, 10.25, '2015-01-09', '2015-01-09', 'Active', '2015-01-09', '2015-01-09', NULL),
(27, 'ICICI_LAP_FL_4_03', 2500001.00, 7500000.00, 10.50, '2015-01-09', '2015-01-09', 'Active', '2015-01-09', '2015-01-09', NULL),
(28, 'ICICI_LAP_FL_4_03', 7500001.00, 100000000.00, 11.00, '2015-01-09', '2015-01-09', 'Active', '2015-01-09', '2015-01-09', NULL),
(29, 'SBI_LAP_FL_4_04', 0.00, 2500000.00, 10.25, '2015-01-09', '2015-01-09', 'Active', '2015-01-09', '2015-01-09', NULL),
(30, 'SBI_LAP_FL_4_04', 2500001.00, 7500000.00, 10.50, '2015-01-09', '2015-01-09', 'Active', '2015-01-09', '2015-01-09', NULL),
(31, 'SBI_LAP_FL_4_04', 7500001.00, 100000000.00, 11.00, '2015-01-09', '2015-01-09', 'Active', '2015-01-09', '2015-01-09', NULL);




-- 
-- Restore previous SQL mode
-- 
/*!40101 SET SQL_MODE=@OLD_SQL_MODE */;

-- 
-- Enable foreign keys
-- 
/*!40014 SET FOREIGN_KEY_CHECKS=@OLD_FOREIGN_KEY_CHECKS */;

ALTER TABLE referrals DROP COLUMN date_created;


ALTER TABLE prospect_loans add purpose VARCHAR(150);
ALTER TABLE prospect_loans add designation VARCHAR(150);
ALTER TABLE prospect_loans add type_of_company VARCHAR(150);
ALTER TABLE prospect_loans add year_of_establishment SMALLINT(6);
ALTER TABLE prospect_loans add years_in_current_location SMALLINT(6);
ALTER TABLE prospect_loans add residential_status VARCHAR(20);



ALTER TABLE `prospect_co_applicants` MODIFY `name` varchar(255) NULL;
ALTER TABLE `prospect_co_applicants` MODIFY `dob` date NULL;
ALTER TABLE `prospect_co_applicants` MODIFY `email` varchar(250) NULL;
ALTER TABLE `prospect_co_applicants` MODIFY `occupation` varchar(250) NULL;
ALTER TABLE `prospect_co_applicants` MODIFY `employed_since_month` int(11) NULL;
ALTER TABLE `prospect_co_applicants` MODIFY `employed_since_year` int(11) NULL;
ALTER TABLE `prospect_co_applicants` MODIFY `monthly_income` double NULL;
ALTER TABLE `prospect_co_applicants` MODIFY `commitments` double NULL;
ALTER TABLE `prospect_co_applicants` MODIFY `relation_with_prospect` varchar(25) NULL;
ALTER TABLE REFERRALS
   ADD COLUMN referred_location VARCHAR(250) NULL AFTER REFERRED_EMAIL;
  
ALTER TABLE REFERRALS
   ADD COLUMN referrer_location VARCHAR(250) NULL AFTER REFERRER_EMAIL;

ALTER TABLE REFERRALS
   ADD COLUMN referrer_address VARCHAR(255) NULL AFTER REFERRER_EMAIL;
